"id","instance","device","method","disappear_at_goal","rand_seed","cost","run_time","comment","method_source","date_edit"
"1","1.1","1.9","1.2","0",NULL,"1.4","1.3",NULL,"https://github.com/whoenig/libMultiRobotPlanning","2024-06-03 00:00:00"
"2","2.1","2.5","2.2","0",NULL,"2.4","2.3",NULL,"https://github.com/whoenig/libMultiRobotPlanning","2024-06-03 00:00:00"
"3","3","3.5","3.2","0",NULL,"3.4","3.3",NULL,"https://github.com/whoenig/libMultiRobotPlanning","2024-06-03 00:00:00"
"4","2.1","2.5","2.2","0","999","2.4","2.3","zzz","https://github.com/whoenig/libMultiRobotPlanning","2024-06-10 10:19:34"
"5","2.1","2.5","2.2","0",NULL,"2.4","2.3",NULL,"https://github.com/whoenig/libMultiRobotPlanning","2024-06-03 00:00:00"
"6","2.1","2.5","2.2","0",NULL,"2.4","2.3",NULL,"https://github.com/whoenig/libMultiRobotPlanning","2024-06-03 00:00:00"
"7","2.1","2.5","2.2","0",NULL,"2.4","2.3",NULL,"https://github.com/whoenig/libMultiRobotPlanning","2024-06-03 00:00:00"
"8","2.1","2.5","2.2","0",NULL,"2.4","2.3",NULL,"https://github.com/whoenig/libMultiRobotPlanning","2024-06-03 00:00:00"
"9","2.1","2.5","2.2","0",NULL,"2.4","2.3",NULL,"https://github.com/whoenig/libMultiRobotPlanning","2024-06-03 00:00:00"
"10","444","8","333","0","-1","9","8","jjjj","https://github.com/whoenig/libMultiRobotPlanning","2024-06-08 00:00:00"
"11","map_8by8_obst12_agents8_ex0.yaml","12400F","whoenig-origin","0","-1","70","415.86","https://github.com/whoenig/libMultiRobotPlanning","https://github.com/whoenig/libMultiRobotPlanning","2024-06-08 00:00:00"
"12","map_8by8_obst12_agents8_ex1.yaml","12400F","whoenig-origin","0","-1","65","233.545","https://github.com/whoenig/libMultiRobotPlanning","https://github.com/whoenig/libMultiRobotPlanning","2024-06-08 00:00:00"
"13","map_8by8_obst12_agents8_ex10.yaml","12400F","whoenig-origin","0","-1","59","0.175797","https://github.com/whoenig/libMultiRobotPlanning","https://github.com/whoenig/libMultiRobotPlanning","2024-06-08 00:00:00"
"14","map_8by8_obst12_agents8_ex11.yaml","12400F","whoenig-origin","0","-1","56","10.0163","https://github.com/whoenig/libMultiRobotPlanning","https://github.com/whoenig/libMultiRobotPlanning","2024-06-08 00:00:00"
"15","map_8by8_obst12_agents8_ex12.yaml","12400F","whoenig-origin","0","-1","60","40.7055","https://github.com/whoenig/libMultiRobotPlanning","https://github.com/whoenig/libMultiRobotPlanning","2024-06-08 00:00:00"
"16","map_8by8_obst12_agents8_ex13.yaml","12400F","whoenig-origin","0","-1","67","0.277987","https://github.com/whoenig/libMultiRobotPlanning","https://github.com/whoenig/libMultiRobotPlanning","2024-06-08 00:00:00"
"17","map_8by8_obst12_agents8_ex14.yaml","12400F","whoenig-origin","0","-1","44","0.005573","https://github.com/whoenig/libMultiRobotPlanning","https://github.com/whoenig/libMultiRobotPlanning","2024-06-08 00:00:00"
"18","map_8by8_obst12_agents8_ex15.yaml","12400F","whoenig-origin","0","-1","29","0.004763","https://github.com/whoenig/libMultiRobotPlanning","https://github.com/whoenig/libMultiRobotPlanning","2024-06-08 00:00:00"
"19","map_8by8_obst12_agents8_ex16.yaml","12400F","whoenig-origin","0","-1","52","0.003781","https://github.com/whoenig/libMultiRobotPlanning","https://github.com/whoenig/libMultiRobotPlanning","2024-06-08 00:00:00"
"20","map_8by8_obst12_agents8_ex17.yaml","12400F","whoenig-origin","0","-1","60","0.003038","https://github.com/whoenig/libMultiRobotPlanning","https://github.com/whoenig/libMultiRobotPlanning","2024-06-10 19:08:53"
"21","map_8by8_obst12_agents8_ex17.yaml","12400F","whoenig-origin","0","-1","60","0.002835","https://github.com/whoenig/libMultiRobotPlanning","https://github.com/whoenig/libMultiRobotPlanning","2024-06-10 19:09:05"
"22","map_8by8_obst12_agents8_ex17.yaml","12400F","whoenig-origin","0","-1","60","0.003305","https://github.com/whoenig/libMultiRobotPlanning","https://github.com/whoenig/libMultiRobotPlanning","2024-06-10 19:13:46"
"23","map_8by8_obst12_agents8_ex17.yaml","12400F","whoenig-origin","0","-1","60","0.003556","https://github.com/whoenig/libMultiRobotPlanning","https://github.com/whoenig/libMultiRobotPlanning","2024-06-10 19:15:33"
"24","map_8by8_obst12_agents8_ex17.yaml","12400F","whoenig-origin","0","-1","60","0.002684","https://github.com/whoenig/libMultiRobotPlanning","https://github.com/whoenig/libMultiRobotPlanning","2024-06-10 19:15:47"
"25","map_8by8_obst12_agents8_ex17.yaml","12400F","whoenig-origin","0","-1","60","0.003285","https://github.com/whoenig/libMultiRobotPlanning","https://github.com/whoenig/libMultiRobotPlanning","2024-06-10 19:16:26"
"26","map_8by8_obst12_agents8_ex17.yaml","12400F","whoenig-origin","0","-1","60","0.003489","https://github.com/whoenig/libMultiRobotPlanning","https://github.com/whoenig/libMultiRobotPlanning","2024-06-10 19:17:53"
"27","map_8by8_obst12_agents8_ex18.yaml","12400F","whoenig-origin","0","-1","45","0.002612","https://github.com/whoenig/libMultiRobotPlanning","https://github.com/whoenig/libMultiRobotPlanning","2024-06-10 19:19:07"
"28","map_8by8_obst12_agents8_ex19.yaml","12400F","whoenig-origin","0","-1","39","0.05951","https://github.com/whoenig/libMultiRobotPlanning","https://github.com/whoenig/libMultiRobotPlanning","2024-06-10 19:19:16"
"29","map_8by8_obst12_agents8_ex20.yaml","12400F","whoenig-origin","0","-1","54","5.44282","https://github.com/whoenig/libMultiRobotPlanning","https://github.com/whoenig/libMultiRobotPlanning","2024-06-10 19:19:34"
"30","map_8by8_obst12_agents8_ex20.yaml","12400F","whoenig-origin","0","-1","54","5.43354","https://github.com/whoenig/libMultiRobotPlanning","https://github.com/whoenig/libMultiRobotPlanning","2024-06-10 19:47:44"
"31","map_8by8_obst12_agents8_ex19.yaml","12400F","whoenig-origin","0","-1","39","0.058644","https://github.com/whoenig/libMultiRobotPlanning","https://github.com/whoenig/libMultiRobotPlanning","2024-06-10 19:47:55"
"32","map_8by8_obst12_agents8_ex19.yaml","12400F","whoenig-origin","0","-1","39","0.059274","https://github.com/whoenig/libMultiRobotPlanning","https://github.com/whoenig/libMultiRobotPlanning","2024-06-10 19:50:41"
"33","map_8by8_obst12_agents8_ex19.yaml","12400F","whoenig-origin","0","-1","39","0.058442","https://github.com/whoenig/libMultiRobotPlanning","https://github.com/whoenig/libMultiRobotPlanning","2024-06-10 19:54:27"
"34","map_8by8_obst12_agents8_ex19.yaml","12400F","whoenig-origin","0","-1","39","0.058678","https://github.com/whoenig/libMultiRobotPlanning","https://github.com/whoenig/libMultiRobotPlanning","2024-06-10 19:57:31"
"35","map_8by8_obst12_agents8_ex1.yaml","12400F","whoenig-origin","0","-1","65","232.919","https://github.com/whoenig/libMultiRobotPlanning","https://github.com/whoenig/libMultiRobotPlanning","2024-06-13 16:45:04"
"36","map_8by8_obst12_agents8_ex1.yaml","12400F","whoenig-origin","0","-1","65","232.983","https://github.com/whoenig/libMultiRobotPlanning","https://github.com/whoenig/libMultiRobotPlanning","2024-06-13 16:57:56"
"37","map_8by8_obst12_agents8_ex1.yaml","12400F","whoenig-origin","0","-1","65","232.725","https://github.com/whoenig/libMultiRobotPlanning","https://github.com/whoenig/libMultiRobotPlanning","2024-06-13 18:30:20"
"38","map_8by8_obst12_agents8_ex1.yaml","12400F","whoenig-origin","0","-1","65","232.897","https://github.com/whoenig/libMultiRobotPlanning","https://github.com/whoenig/libMultiRobotPlanning","2024-06-13 18:35:58"
"39","map_8by8_obst12_agents8_ex2.yaml","12400F","whoenig-origin","0","-1","55","25.5878","https://github.com/whoenig/libMultiRobotPlanning","https://github.com/whoenig/libMultiRobotPlanning","2024-06-13 18:40:14"
"40","map_8by8_obst12_agents8_ex2.yaml","12400F","whoenig-origin","0","-1","55","25.5355","https://github.com/whoenig/libMultiRobotPlanning","https://github.com/whoenig/libMultiRobotPlanning","2024-06-13 19:19:30"
"41","map_8by8_obst12_agents8_ex2.yaml","12400F","whoenig-origin","0","-1","55","25.6275","https://github.com/whoenig/libMultiRobotPlanning","https://github.com/whoenig/libMultiRobotPlanning","2024-06-13 20:18:47"
"42","map_8by8_obst12_agents8_ex2.yaml","12400F","whoenig-origin","0","-1","55","25.5309","https://github.com/whoenig/libMultiRobotPlanning","https://github.com/whoenig/libMultiRobotPlanning","2024-06-13 23:37:39"
"43","map_8by8_obst12_agents8_ex2.yaml","12400F","whoenig-origin","0","-1","55","25.5458","https://github.com/whoenig/libMultiRobotPlanning","https://github.com/whoenig/libMultiRobotPlanning","2024-06-13 23:38:44"
"44","map_8by8_obst12_agents8_ex3.yaml","12400F","whoenig-origin","0","-1","70","0.013442","https://github.com/whoenig/libMultiRobotPlanning","https://github.com/whoenig/libMultiRobotPlanning","2024-06-13 23:39:26"
"45","map_8by8_obst12_agents8_ex3.yaml","12400F","whoenig-origin","0","-1","70","0.013092","https://github.com/whoenig/libMultiRobotPlanning","https://github.com/whoenig/libMultiRobotPlanning","2024-06-13 23:39:28"
"46","map_8by8_obst12_agents8_ex3.yaml","12400F","whoenig-origin","0","-1","70","0.013229","https://github.com/whoenig/libMultiRobotPlanning","https://github.com/whoenig/libMultiRobotPlanning","2024-06-13 23:39:29"
"47","map_8by8_obst12_agents8_ex3.yaml","12400F","whoenig-origin","0","-1","70","0.013295","https://github.com/whoenig/libMultiRobotPlanning","https://github.com/whoenig/libMultiRobotPlanning","2024-06-13 23:39:30"
"48","map_8by8_obst12_agents8_ex3.yaml","12400F","whoenig-origin","0","-1","70","0.019155","https://github.com/whoenig/libMultiRobotPlanning","https://github.com/whoenig/libMultiRobotPlanning","2024-06-13 23:39:32"
"49","map_8by8_obst12_agents8_ex4.yaml","12400F","whoenig-origin","0","-1","64","64.5997","https://github.com/whoenig/libMultiRobotPlanning","https://github.com/whoenig/libMultiRobotPlanning","2024-06-13 23:40:45"
"50","map_8by8_obst12_agents8_ex4.yaml","12400F","whoenig-origin","0","-1","64","64.4169","https://github.com/whoenig/libMultiRobotPlanning","https://github.com/whoenig/libMultiRobotPlanning","2024-06-13 23:42:27"
"51","map_8by8_obst12_agents8_ex4.yaml","12400F","whoenig-origin","0","-1","64","64.4353","https://github.com/whoenig/libMultiRobotPlanning","https://github.com/whoenig/libMultiRobotPlanning","2024-06-13 23:44:51"
"52","map_8by8_obst12_agents8_ex4.yaml","12400F","whoenig-origin","0","-1","64","64.6444","https://github.com/whoenig/libMultiRobotPlanning","https://github.com/whoenig/libMultiRobotPlanning","2024-06-13 23:47:19"
"53","map_8by8_obst12_agents8_ex4.yaml","12400F","whoenig-origin","0","-1","64","64.3971","https://github.com/whoenig/libMultiRobotPlanning","https://github.com/whoenig/libMultiRobotPlanning","2024-06-13 23:50:16"
"54","map_8by8_obst12_agents8_ex5.yaml","12400F","whoenig-origin","0","-1","53","0.003102","https://github.com/whoenig/libMultiRobotPlanning","https://github.com/whoenig/libMultiRobotPlanning","2024-06-13 23:53:25"
"55","map_8by8_obst12_agents8_ex5.yaml","12400F","whoenig-origin","0","-1","53","0.00259","https://github.com/whoenig/libMultiRobotPlanning","https://github.com/whoenig/libMultiRobotPlanning","2024-06-13 23:53:28"
"56","map_8by8_obst12_agents8_ex5.yaml","12400F","whoenig-origin","0","-1","53","0.003193","https://github.com/whoenig/libMultiRobotPlanning","https://github.com/whoenig/libMultiRobotPlanning","2024-06-13 23:53:28"
"57","map_8by8_obst12_agents8_ex5.yaml","12400F","whoenig-origin","0","-1","53","0.003223","https://github.com/whoenig/libMultiRobotPlanning","https://github.com/whoenig/libMultiRobotPlanning","2024-06-13 23:53:29"
"58","map_8by8_obst12_agents8_ex5.yaml","12400F","whoenig-origin","0","-1","53","0.002683","https://github.com/whoenig/libMultiRobotPlanning","https://github.com/whoenig/libMultiRobotPlanning","2024-06-13 23:53:30"
"59","map_8by8_obst12_agents8_ex6.yaml","12400F","whoenig-origin","0","-1","34","0.003479","https://github.com/whoenig/libMultiRobotPlanning","https://github.com/whoenig/libMultiRobotPlanning","2024-06-13 23:53:41"
"60","map_8by8_obst12_agents8_ex6.yaml","12400F","whoenig-origin","0","-1","34","0.003167","https://github.com/whoenig/libMultiRobotPlanning","https://github.com/whoenig/libMultiRobotPlanning","2024-06-13 23:53:43"
"61","map_8by8_obst12_agents8_ex6.yaml","12400F","whoenig-origin","0","-1","34","0.002802","https://github.com/whoenig/libMultiRobotPlanning","https://github.com/whoenig/libMultiRobotPlanning","2024-06-13 23:53:44"
"62","map_8by8_obst12_agents8_ex6.yaml","12400F","whoenig-origin","0","-1","34","0.003918","https://github.com/whoenig/libMultiRobotPlanning","https://github.com/whoenig/libMultiRobotPlanning","2024-06-13 23:53:44"
"63","map_8by8_obst12_agents8_ex6.yaml","12400F","whoenig-origin","0","-1","34","0.003638","https://github.com/whoenig/libMultiRobotPlanning","https://github.com/whoenig/libMultiRobotPlanning","2024-06-13 23:53:45"
"64","map_8by8_obst12_agents8_ex7.yaml","12400F","whoenig-origin","0","-1","61","0.021367","https://github.com/whoenig/libMultiRobotPlanning","https://github.com/whoenig/libMultiRobotPlanning","2024-06-13 23:53:53"
"65","map_8by8_obst12_agents8_ex7.yaml","12400F","whoenig-origin","0","-1","61","0.021469","https://github.com/whoenig/libMultiRobotPlanning","https://github.com/whoenig/libMultiRobotPlanning","2024-06-13 23:53:54"
"66","map_8by8_obst12_agents8_ex7.yaml","12400F","whoenig-origin","0","-1","61","0.027788","https://github.com/whoenig/libMultiRobotPlanning","https://github.com/whoenig/libMultiRobotPlanning","2024-06-13 23:53:55"
"67","map_8by8_obst12_agents8_ex7.yaml","12400F","whoenig-origin","0","-1","61","0.021464","https://github.com/whoenig/libMultiRobotPlanning","https://github.com/whoenig/libMultiRobotPlanning","2024-06-13 23:53:56"
"68","map_8by8_obst12_agents8_ex7.yaml","12400F","whoenig-origin","0","-1","61","0.027885","https://github.com/whoenig/libMultiRobotPlanning","https://github.com/whoenig/libMultiRobotPlanning","2024-06-13 23:53:57"
"69","map_8by8_obst12_agents8_ex8.yaml","12400F","whoenig-origin","0","-1","50","0.002995","https://github.com/whoenig/libMultiRobotPlanning","https://github.com/whoenig/libMultiRobotPlanning","2024-06-13 23:54:05"
"70","map_8by8_obst12_agents8_ex8.yaml","12400F","whoenig-origin","0","-1","50","0.002856","https://github.com/whoenig/libMultiRobotPlanning","https://github.com/whoenig/libMultiRobotPlanning","2024-06-13 23:54:06"
"71","map_8by8_obst12_agents8_ex8.yaml","12400F","whoenig-origin","0","-1","50","0.004569","https://github.com/whoenig/libMultiRobotPlanning","https://github.com/whoenig/libMultiRobotPlanning","2024-06-13 23:54:07"
"72","map_8by8_obst12_agents8_ex8.yaml","12400F","whoenig-origin","0","-1","50","0.003265","https://github.com/whoenig/libMultiRobotPlanning","https://github.com/whoenig/libMultiRobotPlanning","2024-06-13 23:54:08"
"73","map_8by8_obst12_agents8_ex8.yaml","12400F","whoenig-origin","0","-1","50","0.002587","https://github.com/whoenig/libMultiRobotPlanning","https://github.com/whoenig/libMultiRobotPlanning","2024-06-13 23:54:08"
"74","map_8by8_obst12_agents8_ex9.yaml","12400F","whoenig-origin","0","-1","36","0.002328","https://github.com/whoenig/libMultiRobotPlanning","https://github.com/whoenig/libMultiRobotPlanning","2024-06-13 23:54:18"
"75","map_8by8_obst12_agents8_ex9.yaml","12400F","whoenig-origin","0","-1","36","0.002362","https://github.com/whoenig/libMultiRobotPlanning","https://github.com/whoenig/libMultiRobotPlanning","2024-06-13 23:54:19"
"76","map_8by8_obst12_agents8_ex9.yaml","12400F","whoenig-origin","0","-1","36","0.002216","https://github.com/whoenig/libMultiRobotPlanning","https://github.com/whoenig/libMultiRobotPlanning","2024-06-13 23:54:20"
"77","map_8by8_obst12_agents8_ex9.yaml","12400F","whoenig-origin","0","-1","36","0.002387","https://github.com/whoenig/libMultiRobotPlanning","https://github.com/whoenig/libMultiRobotPlanning","2024-06-13 23:54:21"
"78","map_8by8_obst12_agents8_ex9.yaml","12400F","whoenig-origin","0","-1","36","0.002465","https://github.com/whoenig/libMultiRobotPlanning","https://github.com/whoenig/libMultiRobotPlanning","2024-06-13 23:54:21"
"79","map_8by8_obst12_agents8_ex10.yaml","12400F","whoenig-origin","0","-1","59","0.177875","https://github.com/whoenig/libMultiRobotPlanning","https://github.com/whoenig/libMultiRobotPlanning","2024-06-13 23:54:30"
"80","map_8by8_obst12_agents8_ex10.yaml","12400F","whoenig-origin","0","-1","59","0.177736","https://github.com/whoenig/libMultiRobotPlanning","https://github.com/whoenig/libMultiRobotPlanning","2024-06-13 23:54:33"
"81","map_8by8_obst12_agents8_ex10.yaml","12400F","whoenig-origin","0","-1","59","0.177498","https://github.com/whoenig/libMultiRobotPlanning","https://github.com/whoenig/libMultiRobotPlanning","2024-06-13 23:54:34"
"82","map_8by8_obst12_agents8_ex10.yaml","12400F","whoenig-origin","0","-1","59","0.177185","https://github.com/whoenig/libMultiRobotPlanning","https://github.com/whoenig/libMultiRobotPlanning","2024-06-13 23:54:35"
"83","map_8by8_obst12_agents8_ex11.yaml","12400F","whoenig-origin","0","-1","56","10.0072","https://github.com/whoenig/libMultiRobotPlanning","https://github.com/whoenig/libMultiRobotPlanning","2024-06-13 23:54:55"
"84","map_8by8_obst12_agents8_ex11.yaml","12400F","whoenig-origin","0","-1","56","10.0184","https://github.com/whoenig/libMultiRobotPlanning","https://github.com/whoenig/libMultiRobotPlanning","2024-06-13 23:56:16"
"85","map_8by8_obst12_agents8_ex11.yaml","12400F","whoenig-origin","0","-1","56","10.0169","https://github.com/whoenig/libMultiRobotPlanning","https://github.com/whoenig/libMultiRobotPlanning","2024-06-13 23:57:17"
"86","map_8by8_obst12_agents8_ex11.yaml","12400F","whoenig-origin","0","-1","56","9.98934","https://github.com/whoenig/libMultiRobotPlanning","https://github.com/whoenig/libMultiRobotPlanning","2024-06-13 23:59:47"
"87","map_8by8_obst12_agents8_ex12.yaml","12400F","whoenig-origin","0","-1","60","40.8156","https://github.com/whoenig/libMultiRobotPlanning","https://github.com/whoenig/libMultiRobotPlanning","2024-06-14 00:03:18"
"88","map_8by8_obst12_agents8_ex12.yaml","12400F","whoenig-origin","0","-1","60","40.8486","https://github.com/whoenig/libMultiRobotPlanning","https://github.com/whoenig/libMultiRobotPlanning","2024-06-14 00:04:26"
"89","map_8by8_obst12_agents8_ex12.yaml","12400F","whoenig-origin","0","-1","60","40.7521","https://github.com/whoenig/libMultiRobotPlanning","https://github.com/whoenig/libMultiRobotPlanning","2024-06-14 00:10:27"
"90","map_8by8_obst12_agents8_ex12.yaml","12400F","whoenig-origin","0","-1","60","40.7172","https://github.com/whoenig/libMultiRobotPlanning","https://github.com/whoenig/libMultiRobotPlanning","2024-06-14 00:12:01"
"91","map_8by8_obst12_agents8_ex13.yaml","12400F","whoenig-origin","0","-1","67","0.279327","https://github.com/whoenig/libMultiRobotPlanning","https://github.com/whoenig/libMultiRobotPlanning","2024-06-14 00:14:38"
"92","map_8by8_obst12_agents8_ex13.yaml","12400F","whoenig-origin","0","-1","67","0.279977","https://github.com/whoenig/libMultiRobotPlanning","https://github.com/whoenig/libMultiRobotPlanning","2024-06-14 00:14:39"
"93","map_8by8_obst12_agents8_ex13.yaml","12400F","whoenig-origin","0","-1","67","0.278833","https://github.com/whoenig/libMultiRobotPlanning","https://github.com/whoenig/libMultiRobotPlanning","2024-06-14 00:14:40"
"94","map_8by8_obst12_agents8_ex13.yaml","12400F","whoenig-origin","0","-1","67","0.28012","https://github.com/whoenig/libMultiRobotPlanning","https://github.com/whoenig/libMultiRobotPlanning","2024-06-14 00:14:41"
"95","map_8by8_obst12_agents8_ex14.yaml","12400F","whoenig-origin","0","-1","44","0.007339","https://github.com/whoenig/libMultiRobotPlanning","https://github.com/whoenig/libMultiRobotPlanning","2024-06-14 00:14:48"
"96","map_8by8_obst12_agents8_ex14.yaml","12400F","whoenig-origin","0","-1","44","0.007458","https://github.com/whoenig/libMultiRobotPlanning","https://github.com/whoenig/libMultiRobotPlanning","2024-06-14 00:14:50"
"97","map_8by8_obst12_agents8_ex14.yaml","12400F","whoenig-origin","0","-1","44","0.01698","https://github.com/whoenig/libMultiRobotPlanning","https://github.com/whoenig/libMultiRobotPlanning","2024-06-14 00:14:51"
"98","map_8by8_obst12_agents8_ex14.yaml","12400F","whoenig-origin","0","-1","44","0.006988","https://github.com/whoenig/libMultiRobotPlanning","https://github.com/whoenig/libMultiRobotPlanning","2024-06-14 00:14:52"
"99","map_8by8_obst12_agents8_ex15.yaml","12400F","whoenig-origin","0","-1","29","0.006709","https://github.com/whoenig/libMultiRobotPlanning","https://github.com/whoenig/libMultiRobotPlanning","2024-06-14 00:14:58"
"100","map_8by8_obst12_agents8_ex15.yaml","12400F","whoenig-origin","0","-1","29","0.006494","https://github.com/whoenig/libMultiRobotPlanning","https://github.com/whoenig/libMultiRobotPlanning","2024-06-14 00:15:00"
"101","map_8by8_obst12_agents8_ex15.yaml","12400F","whoenig-origin","0","-1","29","0.006361","https://github.com/whoenig/libMultiRobotPlanning","https://github.com/whoenig/libMultiRobotPlanning","2024-06-14 00:15:01"
"102","map_8by8_obst12_agents8_ex15.yaml","12400F","whoenig-origin","0","-1","29","0.006874","https://github.com/whoenig/libMultiRobotPlanning","https://github.com/whoenig/libMultiRobotPlanning","2024-06-14 00:15:02"
"103","map_8by8_obst12_agents8_ex16.yaml","12400F","whoenig-origin","0","-1","52","0.005724","https://github.com/whoenig/libMultiRobotPlanning","https://github.com/whoenig/libMultiRobotPlanning","2024-06-14 00:15:07"
"104","map_8by8_obst12_agents8_ex16.yaml","12400F","whoenig-origin","0","-1","52","0.005949","https://github.com/whoenig/libMultiRobotPlanning","https://github.com/whoenig/libMultiRobotPlanning","2024-06-14 00:15:08"
"105","map_8by8_obst12_agents8_ex16.yaml","12400F","whoenig-origin","0","-1","52","0.005815","https://github.com/whoenig/libMultiRobotPlanning","https://github.com/whoenig/libMultiRobotPlanning","2024-06-14 00:15:09"
"106","map_8by8_obst12_agents8_ex16.yaml","12400F","whoenig-origin","0","-1","52","0.005815","https://github.com/whoenig/libMultiRobotPlanning","https://github.com/whoenig/libMultiRobotPlanning","2024-06-14 00:15:10"
"107","map_8by8_obst12_agents8_ex18.yaml","12400F","whoenig-origin","0","-1","45","0.00261","https://github.com/whoenig/libMultiRobotPlanning","https://github.com/whoenig/libMultiRobotPlanning","2024-06-14 00:15:23"
"108","map_8by8_obst12_agents8_ex18.yaml","12400F","whoenig-origin","0","-1","45","0.002352","https://github.com/whoenig/libMultiRobotPlanning","https://github.com/whoenig/libMultiRobotPlanning","2024-06-14 00:15:25"
"109","map_8by8_obst12_agents8_ex18.yaml","12400F","whoenig-origin","0","-1","45","0.002227","https://github.com/whoenig/libMultiRobotPlanning","https://github.com/whoenig/libMultiRobotPlanning","2024-06-14 00:15:25"
"110","map_8by8_obst12_agents8_ex18.yaml","12400F","whoenig-origin","0","-1","45","0.002255","https://github.com/whoenig/libMultiRobotPlanning","https://github.com/whoenig/libMultiRobotPlanning","2024-06-14 00:15:26"
"111","map_8by8_obst12_agents8_ex20.yaml","12400F","whoenig-origin","0","-1","54","5.43396","https://github.com/whoenig/libMultiRobotPlanning","https://github.com/whoenig/libMultiRobotPlanning","2024-06-14 00:15:46"
"112","map_8by8_obst12_agents8_ex20.yaml","12400F","whoenig-origin","0","-1","54","5.43897","https://github.com/whoenig/libMultiRobotPlanning","https://github.com/whoenig/libMultiRobotPlanning","2024-06-14 00:15:56"
"113","map_8by8_obst12_agents8_ex20.yaml","12400F","whoenig-origin","0","-1","54","5.44223","https://github.com/whoenig/libMultiRobotPlanning","https://github.com/whoenig/libMultiRobotPlanning","2024-06-14 00:16:04"
"114","map_8by8_obst12_agents5_ex1.yaml","12400F","whoenig-origin","0","-1","35","0.00508","https://github.com/whoenig/libMultiRobotPlanning","https://github.com/whoenig/libMultiRobotPlanning","2024-06-14 10:10:36"
"115","map_8by8_obst12_agents5_ex2.yaml","12400F","whoenig-origin","0","-1","25","0.002275","https://github.com/whoenig/libMultiRobotPlanning","https://github.com/whoenig/libMultiRobotPlanning","2024-06-14 10:11:02"
"116","map_8by8_obst12_agents5_ex1.yaml","12400F","whoenig-origin","0","-1","35","0.005143","https://github.com/whoenig/libMultiRobotPlanning","https://github.com/whoenig/libMultiRobotPlanning","2024-06-14 10:13:27"
"117","map_8by8_obst12_agents5_ex1.yaml","12400F","whoenig-origin","0","-1","35","0.004917","https://github.com/whoenig/libMultiRobotPlanning","https://github.com/whoenig/libMultiRobotPlanning","2024-06-14 10:13:30"
"118","map_8by8_obst12_agents5_ex1.yaml","12400F","whoenig-origin","0","-1","35","0.005272","https://github.com/whoenig/libMultiRobotPlanning","https://github.com/whoenig/libMultiRobotPlanning","2024-06-14 10:13:56"
"119","map_8by8_obst12_agents5_ex1.yaml","12400F","whoenig-origin","0","-1","35","0.004967","https://github.com/whoenig/libMultiRobotPlanning","https://github.com/whoenig/libMultiRobotPlanning","2024-06-14 10:18:53"
"120","map_8by8_obst12_agents5_ex12.yaml","12400F","whoenig-origin","0","-1","29","0.000683","https://github.com/whoenig/libMultiRobotPlanning","https://github.com/whoenig/libMultiRobotPlanning","2024-06-14 18:32:25"
"121","map_8by8_obst12_agents5_ex12.yaml","12400F","whoenig-origin","0","-1","29","0.002344","https://github.com/whoenig/libMultiRobotPlanning","https://github.com/whoenig/libMultiRobotPlanning","2024-06-14 18:32:29"
"122","map_8by8_obst12_agents8_ex12.yaml","12400F","whoenig-origin","1","-1","53","0.004218","https://github.com/whoenig/libMultiRobotPlanning","https://github.com/whoenig/libMultiRobotPlanning","2024-06-14 18:34:43"
"123","map_8by8_obst12_agents8_ex12.yaml","12400F","whoenig-origin","1","-1","53","0.00451","https://github.com/whoenig/libMultiRobotPlanning","https://github.com/whoenig/libMultiRobotPlanning","2024-06-14 18:34:55"
"124","map_8by8_obst12_agents8_ex12.yaml","12400F","whoenig-origin","1","-1","53","0.004727","https://github.com/whoenig/libMultiRobotPlanning","https://github.com/whoenig/libMultiRobotPlanning","2024-06-14 18:34:58"
"125","map_8by8_obst12_agents8_ex12.yaml","12400F","whoenig-origin","1","-1","53","0.008657","https://github.com/whoenig/libMultiRobotPlanning","https://github.com/whoenig/libMultiRobotPlanning","2024-06-14 18:35:00"
"126","map_8by8_obst12_agents8_ex12.yaml","12400F","whoenig-origin","1","-1","53","0.004645","https://github.com/whoenig/libMultiRobotPlanning","https://github.com/whoenig/libMultiRobotPlanning","2024-06-14 18:35:01"
"127","map_8by8_obst12_agents8_ex11.yaml","12400F","whoenig-origin","1","-1","49","0.01345","https://github.com/whoenig/libMultiRobotPlanning","https://github.com/whoenig/libMultiRobotPlanning","2024-06-14 18:36:24"
"128","map_8by8_obst12_agents8_ex1.yaml","12400F","whoenig-origin","1","-1","65","138.837","https://github.com/whoenig/libMultiRobotPlanning","https://github.com/whoenig/libMultiRobotPlanning","2024-06-14 18:44:37"
"129","map_8by8_obst12_agents8_ex1.yaml","12400F","whoenig-origin","1","-1","65","138.536","https://github.com/whoenig/libMultiRobotPlanning","https://github.com/whoenig/libMultiRobotPlanning","2024-06-14 18:47:57"
"130","map_8by8_obst12_agents8_ex1.yaml","12400F","whoenig-origin","1","-1","65","138.679","https://github.com/whoenig/libMultiRobotPlanning","https://github.com/whoenig/libMultiRobotPlanning","2024-06-14 18:50:26"
"131","map_8by8_obst12_agents8_ex1.yaml","12400F","whoenig-origin","1","-1","65","139.156","https://github.com/whoenig/libMultiRobotPlanning","https://github.com/whoenig/libMultiRobotPlanning","2024-06-14 18:53:18"
"132","map_8by8_obst12_agents8_ex1.yaml","12400F","whoenig-origin","1","-1","65","138.572","https://github.com/whoenig/libMultiRobotPlanning","https://github.com/whoenig/libMultiRobotPlanning","2024-06-14 18:56:46"
"133","map_8by8_obst12_agents8_ex2.yaml","12400F","whoenig-origin","1","-1","47","0.005013","https://github.com/whoenig/libMultiRobotPlanning","https://github.com/whoenig/libMultiRobotPlanning","2024-06-14 19:05:41"
"134","map_8by8_obst12_agents8_ex2.yaml","12400F","whoenig-origin","1","-1","47","0.005199","https://github.com/whoenig/libMultiRobotPlanning","https://github.com/whoenig/libMultiRobotPlanning","2024-06-14 19:05:43"
"135","map_8by8_obst12_agents8_ex2.yaml","12400F","whoenig-origin","1","-1","47","0.005085","https://github.com/whoenig/libMultiRobotPlanning","https://github.com/whoenig/libMultiRobotPlanning","2024-06-14 19:05:43"
"136","map_8by8_obst12_agents8_ex2.yaml","12400F","whoenig-origin","1","-1","47","0.005111","https://github.com/whoenig/libMultiRobotPlanning","https://github.com/whoenig/libMultiRobotPlanning","2024-06-14 19:05:45"
"137","map_8by8_obst12_agents8_ex2.yaml","12400F","whoenig-origin","1","-1","47","0.004941","https://github.com/whoenig/libMultiRobotPlanning","https://github.com/whoenig/libMultiRobotPlanning","2024-06-14 19:05:46"
"138","map_8by8_obst12_agents8_ex3.yaml","12400F","whoenig-origin","1","-1","70","0.013828","https://github.com/whoenig/libMultiRobotPlanning","https://github.com/whoenig/libMultiRobotPlanning","2024-06-14 19:05:53"
"139","map_8by8_obst12_agents8_ex3.yaml","12400F","whoenig-origin","1","-1","70","0.013504","https://github.com/whoenig/libMultiRobotPlanning","https://github.com/whoenig/libMultiRobotPlanning","2024-06-14 19:05:55"
"140","map_8by8_obst12_agents8_ex3.yaml","12400F","whoenig-origin","1","-1","70","0.01357","https://github.com/whoenig/libMultiRobotPlanning","https://github.com/whoenig/libMultiRobotPlanning","2024-06-14 19:05:56"
"141","map_8by8_obst12_agents8_ex3.yaml","12400F","whoenig-origin","1","-1","70","0.012699","https://github.com/whoenig/libMultiRobotPlanning","https://github.com/whoenig/libMultiRobotPlanning","2024-06-14 19:05:57"
"142","map_8by8_obst12_agents8_ex3.yaml","12400F","whoenig-origin","1","-1","70","0.013597","https://github.com/whoenig/libMultiRobotPlanning","https://github.com/whoenig/libMultiRobotPlanning","2024-06-14 19:05:58"
"143","map_8by8_obst12_agents8_ex4.yaml","12400F","whoenig-origin","1","-1","57","0.004057","https://github.com/whoenig/libMultiRobotPlanning","https://github.com/whoenig/libMultiRobotPlanning","2024-06-14 19:06:09"
"144","map_8by8_obst12_agents8_ex4.yaml","12400F","whoenig-origin","1","-1","57","0.003937","https://github.com/whoenig/libMultiRobotPlanning","https://github.com/whoenig/libMultiRobotPlanning","2024-06-14 19:06:11"
"145","map_8by8_obst12_agents8_ex4.yaml","12400F","whoenig-origin","1","-1","57","0.003707","https://github.com/whoenig/libMultiRobotPlanning","https://github.com/whoenig/libMultiRobotPlanning","2024-06-14 19:06:12"
"146","map_8by8_obst12_agents8_ex4.yaml","12400F","whoenig-origin","1","-1","57","0.00403","https://github.com/whoenig/libMultiRobotPlanning","https://github.com/whoenig/libMultiRobotPlanning","2024-06-14 19:06:13"
"147","map_8by8_obst12_agents8_ex4.yaml","12400F","whoenig-origin","1","-1","57","0.004158","https://github.com/whoenig/libMultiRobotPlanning","https://github.com/whoenig/libMultiRobotPlanning","2024-06-14 19:06:14"
"148","map_8by8_obst12_agents8_ex5.yaml","12400F","whoenig-origin","1","-1","53","0.003241","https://github.com/whoenig/libMultiRobotPlanning","https://github.com/whoenig/libMultiRobotPlanning","2024-06-14 19:06:20"
"149","map_8by8_obst12_agents8_ex5.yaml","12400F","whoenig-origin","1","-1","53","0.004781","https://github.com/whoenig/libMultiRobotPlanning","https://github.com/whoenig/libMultiRobotPlanning","2024-06-14 19:06:21"
"150","map_8by8_obst12_agents8_ex5.yaml","12400F","whoenig-origin","1","-1","53","0.003524","https://github.com/whoenig/libMultiRobotPlanning","https://github.com/whoenig/libMultiRobotPlanning","2024-06-14 19:06:22"
"151","map_8by8_obst12_agents8_ex5.yaml","12400F","whoenig-origin","1","-1","53","0.00343","https://github.com/whoenig/libMultiRobotPlanning","https://github.com/whoenig/libMultiRobotPlanning","2024-06-14 19:06:23"
"152","map_8by8_obst12_agents8_ex5.yaml","12400F","whoenig-origin","1","-1","53","0.005083","https://github.com/whoenig/libMultiRobotPlanning","https://github.com/whoenig/libMultiRobotPlanning","2024-06-14 19:06:24"
"153","map_8by8_obst12_agents8_ex6.yaml","12400F","whoenig-origin","1","-1","33","0.001629","https://github.com/whoenig/libMultiRobotPlanning","https://github.com/whoenig/libMultiRobotPlanning","2024-06-14 19:06:31"
"154","map_8by8_obst12_agents8_ex6.yaml","12400F","whoenig-origin","1","-1","33","0.002193","https://github.com/whoenig/libMultiRobotPlanning","https://github.com/whoenig/libMultiRobotPlanning","2024-06-14 19:06:33"
"155","map_8by8_obst12_agents8_ex6.yaml","12400F","whoenig-origin","1","-1","33","0.001859","https://github.com/whoenig/libMultiRobotPlanning","https://github.com/whoenig/libMultiRobotPlanning","2024-06-14 19:06:35"
"156","map_8by8_obst12_agents8_ex6.yaml","12400F","whoenig-origin","1","-1","33","0.001253","https://github.com/whoenig/libMultiRobotPlanning","https://github.com/whoenig/libMultiRobotPlanning","2024-06-14 19:06:36"
"157","map_8by8_obst12_agents8_ex6.yaml","12400F","whoenig-origin","1","-1","33","0.002149","https://github.com/whoenig/libMultiRobotPlanning","https://github.com/whoenig/libMultiRobotPlanning","2024-06-14 19:06:37"
"158","map_8by8_obst12_agents8_ex7.yaml","12400F","whoenig-origin","1","-1","60","0.006111","https://github.com/whoenig/libMultiRobotPlanning","https://github.com/whoenig/libMultiRobotPlanning","2024-06-14 19:06:46"
"159","map_8by8_obst12_agents8_ex7.yaml","12400F","whoenig-origin","1","-1","60","0.005114","https://github.com/whoenig/libMultiRobotPlanning","https://github.com/whoenig/libMultiRobotPlanning","2024-06-14 19:06:47"
"160","map_8by8_obst12_agents8_ex7.yaml","12400F","whoenig-origin","1","-1","60","0.005949","https://github.com/whoenig/libMultiRobotPlanning","https://github.com/whoenig/libMultiRobotPlanning","2024-06-14 19:06:48"
"161","map_8by8_obst12_agents8_ex7.yaml","12400F","whoenig-origin","1","-1","60","0.006297","https://github.com/whoenig/libMultiRobotPlanning","https://github.com/whoenig/libMultiRobotPlanning","2024-06-14 19:06:49"
"162","map_8by8_obst12_agents8_ex7.yaml","12400F","whoenig-origin","1","-1","60","0.005624","https://github.com/whoenig/libMultiRobotPlanning","https://github.com/whoenig/libMultiRobotPlanning","2024-06-14 19:06:50"
"163","map_8by8_obst12_agents8_ex8.yaml","12400F","whoenig-origin","1","-1","50","0.001434","https://github.com/whoenig/libMultiRobotPlanning","https://github.com/whoenig/libMultiRobotPlanning","2024-06-14 19:06:59"
"164","map_8by8_obst12_agents8_ex8.yaml","12400F","whoenig-origin","1","-1","50","0.001397","https://github.com/whoenig/libMultiRobotPlanning","https://github.com/whoenig/libMultiRobotPlanning","2024-06-14 19:07:00"
"165","map_8by8_obst12_agents8_ex8.yaml","12400F","whoenig-origin","1","-1","50","0.00145","https://github.com/whoenig/libMultiRobotPlanning","https://github.com/whoenig/libMultiRobotPlanning","2024-06-14 19:07:01"
"166","map_8by8_obst12_agents8_ex8.yaml","12400F","whoenig-origin","1","-1","50","0.00139","https://github.com/whoenig/libMultiRobotPlanning","https://github.com/whoenig/libMultiRobotPlanning","2024-06-14 19:07:02"
"167","map_8by8_obst12_agents8_ex8.yaml","12400F","whoenig-origin","1","-1","50","0.00142","https://github.com/whoenig/libMultiRobotPlanning","https://github.com/whoenig/libMultiRobotPlanning","2024-06-14 19:07:03"
"168","map_8by8_obst12_agents8_ex9.yaml","12400F","whoenig-origin","1","-1","36","0.001876","https://github.com/whoenig/libMultiRobotPlanning","https://github.com/whoenig/libMultiRobotPlanning","2024-06-14 19:07:13"
"169","map_8by8_obst12_agents8_ex9.yaml","12400F","whoenig-origin","1","-1","36","0.002083","https://github.com/whoenig/libMultiRobotPlanning","https://github.com/whoenig/libMultiRobotPlanning","2024-06-14 19:07:14"
"170","map_8by8_obst12_agents8_ex9.yaml","12400F","whoenig-origin","1","-1","36","0.002459","https://github.com/whoenig/libMultiRobotPlanning","https://github.com/whoenig/libMultiRobotPlanning","2024-06-14 19:07:15"
"171","map_8by8_obst12_agents8_ex9.yaml","12400F","whoenig-origin","1","-1","36","0.002311","https://github.com/whoenig/libMultiRobotPlanning","https://github.com/whoenig/libMultiRobotPlanning","2024-06-14 19:07:16"
"172","map_8by8_obst12_agents8_ex9.yaml","12400F","whoenig-origin","1","-1","36","0.002443","https://github.com/whoenig/libMultiRobotPlanning","https://github.com/whoenig/libMultiRobotPlanning","2024-06-14 19:07:17"
"173","map_8by8_obst12_agents8_ex10.yaml","12400F","whoenig-origin","1","-1","55","0.007956","https://github.com/whoenig/libMultiRobotPlanning","https://github.com/whoenig/libMultiRobotPlanning","2024-06-14 19:07:28"
"174","map_8by8_obst12_agents8_ex10.yaml","12400F","whoenig-origin","1","-1","55","0.008648","https://github.com/whoenig/libMultiRobotPlanning","https://github.com/whoenig/libMultiRobotPlanning","2024-06-14 19:07:30"
"175","map_8by8_obst12_agents8_ex10.yaml","12400F","whoenig-origin","1","-1","55","0.008671","https://github.com/whoenig/libMultiRobotPlanning","https://github.com/whoenig/libMultiRobotPlanning","2024-06-14 19:07:31"
"176","map_8by8_obst12_agents8_ex10.yaml","12400F","whoenig-origin","1","-1","55","0.007412","https://github.com/whoenig/libMultiRobotPlanning","https://github.com/whoenig/libMultiRobotPlanning","2024-06-14 19:07:32"
"177","map_8by8_obst12_agents8_ex10.yaml","12400F","whoenig-origin","1","-1","55","0.007813","https://github.com/whoenig/libMultiRobotPlanning","https://github.com/whoenig/libMultiRobotPlanning","2024-06-14 19:07:33"
"178","map_8by8_obst12_agents8_ex11.yaml","12400F","whoenig-origin","1","-1","49","0.019142","https://github.com/whoenig/libMultiRobotPlanning","https://github.com/whoenig/libMultiRobotPlanning","2024-06-14 19:07:41"
"179","map_8by8_obst12_agents8_ex11.yaml","12400F","whoenig-origin","1","-1","49","0.012648","https://github.com/whoenig/libMultiRobotPlanning","https://github.com/whoenig/libMultiRobotPlanning","2024-06-14 19:07:42"
"180","map_8by8_obst12_agents8_ex11.yaml","12400F","whoenig-origin","1","-1","49","0.013296","https://github.com/whoenig/libMultiRobotPlanning","https://github.com/whoenig/libMultiRobotPlanning","2024-06-14 19:07:43"
"181","map_8by8_obst12_agents8_ex11.yaml","12400F","whoenig-origin","1","-1","49","0.013342","https://github.com/whoenig/libMultiRobotPlanning","https://github.com/whoenig/libMultiRobotPlanning","2024-06-14 19:07:43"
"182","map_8by8_obst12_agents8_ex13.yaml","12400F","whoenig-origin","1","-1","65","0.011343","https://github.com/whoenig/libMultiRobotPlanning","https://github.com/whoenig/libMultiRobotPlanning","2024-06-14 19:07:59"
"183","map_8by8_obst12_agents8_ex13.yaml","12400F","whoenig-origin","1","-1","65","0.010869","https://github.com/whoenig/libMultiRobotPlanning","https://github.com/whoenig/libMultiRobotPlanning","2024-06-14 19:08:00"
"184","map_8by8_obst12_agents8_ex13.yaml","12400F","whoenig-origin","1","-1","65","0.010766","https://github.com/whoenig/libMultiRobotPlanning","https://github.com/whoenig/libMultiRobotPlanning","2024-06-14 19:08:01"
"185","map_8by8_obst12_agents8_ex13.yaml","12400F","whoenig-origin","1","-1","65","0.010932","https://github.com/whoenig/libMultiRobotPlanning","https://github.com/whoenig/libMultiRobotPlanning","2024-06-14 19:08:07"
"186","map_8by8_obst12_agents8_ex13.yaml","12400F","whoenig-origin","1","-1","65","0.010883","https://github.com/whoenig/libMultiRobotPlanning","https://github.com/whoenig/libMultiRobotPlanning","2024-06-14 19:08:08"
"187","map_8by8_obst12_agents8_ex14.yaml","12400F","whoenig-origin","1","-1","44","0.007604","https://github.com/whoenig/libMultiRobotPlanning","https://github.com/whoenig/libMultiRobotPlanning","2024-06-14 19:08:16"
"188","map_8by8_obst12_agents8_ex14.yaml","12400F","whoenig-origin","1","-1","44","0.007173","https://github.com/whoenig/libMultiRobotPlanning","https://github.com/whoenig/libMultiRobotPlanning","2024-06-14 19:08:17"
"189","map_8by8_obst12_agents8_ex14.yaml","12400F","whoenig-origin","1","-1","44","0.007431","https://github.com/whoenig/libMultiRobotPlanning","https://github.com/whoenig/libMultiRobotPlanning","2024-06-14 19:08:18"
"190","map_8by8_obst12_agents8_ex14.yaml","12400F","whoenig-origin","1","-1","44","0.013123","https://github.com/whoenig/libMultiRobotPlanning","https://github.com/whoenig/libMultiRobotPlanning","2024-06-14 19:08:19"
"191","map_8by8_obst12_agents8_ex14.yaml","12400F","whoenig-origin","1","-1","44","0.013428","https://github.com/whoenig/libMultiRobotPlanning","https://github.com/whoenig/libMultiRobotPlanning","2024-06-14 19:08:19"
"192","map_8by8_obst12_agents8_ex15.yaml","12400F","whoenig-origin","1","-1","28","0.002708","https://github.com/whoenig/libMultiRobotPlanning","https://github.com/whoenig/libMultiRobotPlanning","2024-06-14 19:08:26"
"193","map_8by8_obst12_agents8_ex15.yaml","12400F","whoenig-origin","1","-1","28","0.002636","https://github.com/whoenig/libMultiRobotPlanning","https://github.com/whoenig/libMultiRobotPlanning","2024-06-14 19:08:27"
"194","map_8by8_obst12_agents8_ex15.yaml","12400F","whoenig-origin","1","-1","28","0.002536","https://github.com/whoenig/libMultiRobotPlanning","https://github.com/whoenig/libMultiRobotPlanning","2024-06-14 19:21:27"
"195","map_8by8_obst12_agents8_ex15.yaml","12400F","whoenig-origin","1","-1","28","0.002601","https://github.com/whoenig/libMultiRobotPlanning","https://github.com/whoenig/libMultiRobotPlanning","2024-06-14 19:21:28"
"196","map_8by8_obst12_agents8_ex15.yaml","12400F","whoenig-origin","1","-1","28","0.002241","https://github.com/whoenig/libMultiRobotPlanning","https://github.com/whoenig/libMultiRobotPlanning","2024-06-14 19:21:40"
"197","map_8by8_obst12_agents8_ex16.yaml","12400F","whoenig-origin","1","-1","52","0.002719","https://github.com/whoenig/libMultiRobotPlanning","https://github.com/whoenig/libMultiRobotPlanning","2024-06-14 19:21:51"
"198","map_8by8_obst12_agents8_ex16.yaml","12400F","whoenig-origin","1","-1","52","0.002428","https://github.com/whoenig/libMultiRobotPlanning","https://github.com/whoenig/libMultiRobotPlanning","2024-06-14 19:21:53"
"199","map_8by8_obst12_agents8_ex16.yaml","12400F","whoenig-origin","1","-1","52","0.002759","https://github.com/whoenig/libMultiRobotPlanning","https://github.com/whoenig/libMultiRobotPlanning","2024-06-14 19:21:54"
"200","map_8by8_obst12_agents8_ex16.yaml","12400F","whoenig-origin","1","-1","52","0.003949","https://github.com/whoenig/libMultiRobotPlanning","https://github.com/whoenig/libMultiRobotPlanning","2024-06-14 19:21:55"
"201","map_8by8_obst12_agents8_ex16.yaml","12400F","whoenig-origin","1","-1","52","0.002132","https://github.com/whoenig/libMultiRobotPlanning","https://github.com/whoenig/libMultiRobotPlanning","2024-06-14 19:21:55"
"202","map_8by8_obst12_agents8_ex17.yaml","12400F","whoenig-origin","1","-1","60","0.002351","https://github.com/whoenig/libMultiRobotPlanning","https://github.com/whoenig/libMultiRobotPlanning","2024-06-14 19:22:01"
"203","map_8by8_obst12_agents8_ex17.yaml","12400F","whoenig-origin","1","-1","60","0.00207","https://github.com/whoenig/libMultiRobotPlanning","https://github.com/whoenig/libMultiRobotPlanning","2024-06-14 19:22:02"
"204","map_8by8_obst12_agents8_ex17.yaml","12400F","whoenig-origin","1","-1","60","0.002399","https://github.com/whoenig/libMultiRobotPlanning","https://github.com/whoenig/libMultiRobotPlanning","2024-06-14 19:22:03"
"205","map_8by8_obst12_agents8_ex17.yaml","12400F","whoenig-origin","1","-1","60","0.001058","https://github.com/whoenig/libMultiRobotPlanning","https://github.com/whoenig/libMultiRobotPlanning","2024-06-14 19:22:04"
"206","map_8by8_obst12_agents8_ex17.yaml","12400F","whoenig-origin","1","-1","60","0.002374","https://github.com/whoenig/libMultiRobotPlanning","https://github.com/whoenig/libMultiRobotPlanning","2024-06-14 19:22:05"
"207","map_8by8_obst12_agents8_ex18.yaml","12400F","whoenig-origin","1","-1","45","0.002622","https://github.com/whoenig/libMultiRobotPlanning","https://github.com/whoenig/libMultiRobotPlanning","2024-06-14 19:22:12"
"208","map_8by8_obst12_agents8_ex18.yaml","12400F","whoenig-origin","1","-1","45","0.002031","https://github.com/whoenig/libMultiRobotPlanning","https://github.com/whoenig/libMultiRobotPlanning","2024-06-14 19:22:13"
"209","map_8by8_obst12_agents8_ex18.yaml","12400F","whoenig-origin","1","-1","45","0.002564","https://github.com/whoenig/libMultiRobotPlanning","https://github.com/whoenig/libMultiRobotPlanning","2024-06-14 19:22:14"
"210","map_8by8_obst12_agents8_ex18.yaml","12400F","whoenig-origin","1","-1","45","0.002549","https://github.com/whoenig/libMultiRobotPlanning","https://github.com/whoenig/libMultiRobotPlanning","2024-06-14 19:22:15"
"211","map_8by8_obst12_agents8_ex18.yaml","12400F","whoenig-origin","1","-1","45","0.002562","https://github.com/whoenig/libMultiRobotPlanning","https://github.com/whoenig/libMultiRobotPlanning","2024-06-14 19:22:15"
"212","map_8by8_obst12_agents8_ex19.yaml","12400F","whoenig-origin","1","-1","32","0.002381","https://github.com/whoenig/libMultiRobotPlanning","https://github.com/whoenig/libMultiRobotPlanning","2024-06-14 19:22:24"
"213","map_8by8_obst12_agents8_ex19.yaml","12400F","whoenig-origin","1","-1","32","0.002204","https://github.com/whoenig/libMultiRobotPlanning","https://github.com/whoenig/libMultiRobotPlanning","2024-06-14 19:22:26"
"214","map_8by8_obst12_agents8_ex19.yaml","12400F","whoenig-origin","1","-1","32","0.002037","https://github.com/whoenig/libMultiRobotPlanning","https://github.com/whoenig/libMultiRobotPlanning","2024-06-14 19:22:27"
"215","map_8by8_obst12_agents8_ex19.yaml","12400F","whoenig-origin","1","-1","32","0.002726","https://github.com/whoenig/libMultiRobotPlanning","https://github.com/whoenig/libMultiRobotPlanning","2024-06-14 19:22:28"
"216","map_8by8_obst12_agents8_ex19.yaml","12400F","whoenig-origin","1","-1","32","0.002143","https://github.com/whoenig/libMultiRobotPlanning","https://github.com/whoenig/libMultiRobotPlanning","2024-06-14 19:22:29"
"217","map_8by8_obst12_agents8_ex20.yaml","12400F","whoenig-origin","1","-1","51","0.097385","https://github.com/whoenig/libMultiRobotPlanning","https://github.com/whoenig/libMultiRobotPlanning","2024-06-14 19:22:38"
"218","map_8by8_obst12_agents8_ex20.yaml","12400F","whoenig-origin","1","-1","51","0.096575","https://github.com/whoenig/libMultiRobotPlanning","https://github.com/whoenig/libMultiRobotPlanning","2024-06-14 19:22:39"
"219","map_8by8_obst12_agents8_ex20.yaml","12400F","whoenig-origin","1","-1","51","0.096747","https://github.com/whoenig/libMultiRobotPlanning","https://github.com/whoenig/libMultiRobotPlanning","2024-06-14 19:22:40"
"220","map_8by8_obst12_agents8_ex20.yaml","12400F","whoenig-origin","1","-1","51","0.097094","https://github.com/whoenig/libMultiRobotPlanning","https://github.com/whoenig/libMultiRobotPlanning","2024-06-14 19:22:41"
"221","map_8by8_obst12_agents8_ex20.yaml","12400F","whoenig-origin","1","-1","51","0.096761","https://github.com/whoenig/libMultiRobotPlanning","https://github.com/whoenig/libMultiRobotPlanning","2024-06-14 19:22:42"
